2, non-overlapped
1024;9765;2;1;0.001000;/lscratch/1165466.dm2/tmp_material.h5;/lscratch/1165466.dm2/1024x1024_2threads_out_par1.h5;par1;0.000000;6.815883e+01;6.979911e-03
1024;9765;2;11;0.001000;/lscratch/1165466.dm2/tmp_material.h5;/lscratch/1165466.dm2/1024x1024_2threads_out_par1.h5;par1;0.000000;3.468869e+01;3.552349e-03
1024;9765;2;21;0.001000;/lscratch/1165466.dm2/tmp_material.h5;/lscratch/1165466.dm2/1024x1024_2threads_out_par1.h5;par1;0.000000;2.792097e+01;2.859290e-03
1024;9765;2;31;0.001000;/lscratch/1165466.dm2/tmp_material.h5;/lscratch/1165466.dm2/1024x1024_2threads_out_par1.h5;par1;0.000000;2.730765e+01;2.796482e-03
1024;9765;2;41;0.001000;/lscratch/1165466.dm2/tmp_material.h5;/lscratch/1165466.dm2/1024x1024_2threads_out_par1.h5;par1;0.000000;2.850509e+01;2.919108e-03
1024;9765;2;51;0.001000;/lscratch/1165466.dm2/tmp_material.h5;/lscratch/1165466.dm2/1024x1024_2threads_out_par1.h5;par1;0.000000;2.662344e+01;2.726414e-03
1024;9765;2;61;0.001000;/lscratch/1165466.dm2/tmp_material.h5;/lscratch/1165466.dm2/1024x1024_2threads_out_par1.h5;par1;0.000000;2.725141e+01;2.790723e-03
1024;9765;2;71;0.001000;/lscratch/1165466.dm2/tmp_material.h5;/lscratch/1165466.dm2/1024x1024_2threads_out_par1.h5;par1;0.000000;2.772602e+01;2.839326e-03
1024;9765;2;81;0.001000;/lscratch/1165466.dm2/tmp_material.h5;/lscratch/1165466.dm2/1024x1024_2threads_out_par1.h5;par1;0.000000;2.736153e+01;2.802000e-03
1024;9765;2;91;0.001000;/lscratch/1165466.dm2/tmp_material.h5;/lscratch/1165466.dm2/1024x1024_2threads_out_par1.h5;par1;0.000000;2.712535e+01;2.777813e-03
1024;9765;2;101;0.001000;/lscratch/1165466.dm2/tmp_material.h5;/lscratch/1165466.dm2/1024x1024_2threads_out_par1.h5;par1;0.000000;2.750128e+01;2.816312e-03


2, overlapped
1024;9765;2;1;0.001000;/lscratch/1165466.dm2/tmp_material.h5;/lscratch/1165466.dm2/1024x1024_2threads_out_par2.h5;par2;0.000000;7.217059e+01;7.390742e-03
1024;9765;2;11;0.001000;/lscratch/1165466.dm2/tmp_material.h5;/lscratch/1165466.dm2/1024x1024_2threads_out_par2.h5;par2;0.000000;6.170324e+01;6.318816e-03
1024;9765;2;21;0.001000;/lscratch/1165466.dm2/tmp_material.h5;/lscratch/1165466.dm2/1024x1024_2threads_out_par2.h5;par2;0.000000;5.294130e+01;5.421536e-03
1024;9765;2;31;0.001000;/lscratch/1165466.dm2/tmp_material.h5;/lscratch/1165466.dm2/1024x1024_2threads_out_par2.h5;par2;0.000000;5.308723e+01;5.436480e-03
1024;9765;2;41;0.001000;/lscratch/1165466.dm2/tmp_material.h5;/lscratch/1165466.dm2/1024x1024_2threads_out_par2.h5;par2;0.000000;5.236235e+01;5.362248e-03
1024;9765;2;51;0.001000;/lscratch/1165466.dm2/tmp_material.h5;/lscratch/1165466.dm2/1024x1024_2threads_out_par2.h5;par2;0.000000;5.296008e+01;5.423460e-03
1024;9765;2;61;0.001000;/lscratch/1165466.dm2/tmp_material.h5;/lscratch/1165466.dm2/1024x1024_2threads_out_par2.h5;par2;0.000000;5.317811e+01;5.445787e-03
1024;9765;2;71;0.001000;/lscratch/1165466.dm2/tmp_material.h5;/lscratch/1165466.dm2/1024x1024_2threads_out_par2.h5;par2;0.000000;5.417175e+01;5.547543e-03
1024;9765;2;81;0.001000;/lscratch/1165466.dm2/tmp_material.h5;/lscratch/1165466.dm2/1024x1024_2threads_out_par2.h5;par2;0.000000;5.292672e+01;5.420043e-03
1024;9765;2;91;0.001000;/lscratch/1165466.dm2/tmp_material.h5;/lscratch/1165466.dm2/1024x1024_2threads_out_par2.h5;par2;0.000000;5.348365e+01;5.477077e-03
1024;9765;2;101;0.001000;/lscratch/1165466.dm2/tmp_material.h5;/lscratch/1165466.dm2/1024x1024_2threads_out_par2.h5;par2;0.000000;5.318709e+01;5.446706e-03


3, non-overlapped
1024;9765;3;1;0.001000;/lscratch/1165466.dm2/tmp_material.h5;/lscratch/1165466.dm2/1024x1024_3threads_out_par1.h5;par1;0.000000;5.201128e+01;5.326295e-03
1024;9765;3;11;0.001000;/lscratch/1165466.dm2/tmp_material.h5;/lscratch/1165466.dm2/1024x1024_3threads_out_par1.h5;par1;0.000000;2.824870e+01;2.892852e-03
1024;9765;3;21;0.001000;/lscratch/1165466.dm2/tmp_material.h5;/lscratch/1165466.dm2/1024x1024_3threads_out_par1.h5;par1;0.000000;2.342774e+01;2.399155e-03
1024;9765;3;31;0.001000;/lscratch/1165466.dm2/tmp_material.h5;/lscratch/1165466.dm2/1024x1024_3threads_out_par1.h5;par1;0.000000;1.929351e+01;1.975782e-03
1024;9765;3;41;0.001000;/lscratch/1165466.dm2/tmp_material.h5;/lscratch/1165466.dm2/1024x1024_3threads_out_par1.h5;par1;0.000000;1.896979e+01;1.942631e-03
1024;9765;3;51;0.001000;/lscratch/1165466.dm2/tmp_material.h5;/lscratch/1165466.dm2/1024x1024_3threads_out_par1.h5;par1;0.000000;1.927683e+01;1.974073e-03
1024;9765;3;61;0.001000;/lscratch/1165466.dm2/tmp_material.h5;/lscratch/1165466.dm2/1024x1024_3threads_out_par1.h5;par1;0.000000;1.853449e+01;1.898054e-03
1024;9765;3;71;0.001000;/lscratch/1165466.dm2/tmp_material.h5;/lscratch/1165466.dm2/1024x1024_3threads_out_par1.h5;par1;0.000000;1.883728e+01;1.929061e-03
1024;9765;3;81;0.001000;/lscratch/1165466.dm2/tmp_material.h5;/lscratch/1165466.dm2/1024x1024_3threads_out_par1.h5;par1;0.000000;1.836383e+01;1.880577e-03
1024;9765;3;91;0.001000;/lscratch/1165466.dm2/tmp_material.h5;/lscratch/1165466.dm2/1024x1024_3threads_out_par1.h5;par1;0.000000;1.837327e+01;1.881543e-03
1024;9765;3;101;0.001000;/lscratch/1165466.dm2/tmp_material.h5;/lscratch/1165466.dm2/1024x1024_3threads_out_par1.h5;par1;0.000000;1.847421e+01;1.891880e-03


3, overlapped
1024;9765;3;1;0.001000;/lscratch/1165466.dm2/tmp_material.h5;/lscratch/1165466.dm2/1024x1024_3threads_out_par2.h5;par2;0.000000;3.513719e+01;3.598278e-03
1024;9765;3;11;0.001000;/lscratch/1165466.dm2/tmp_material.h5;/lscratch/1165466.dm2/1024x1024_3threads_out_par2.h5;par2;0.000000;2.810197e+01;2.877826e-03
1024;9765;3;21;0.001000;/lscratch/1165466.dm2/tmp_material.h5;/lscratch/1165466.dm2/1024x1024_3threads_out_par2.h5;par2;0.000000;2.781377e+01;2.848313e-03
1024;9765;3;31;0.001000;/lscratch/1165466.dm2/tmp_material.h5;/lscratch/1165466.dm2/1024x1024_3threads_out_par2.h5;par2;0.000000;2.749368e+01;2.815533e-03
1024;9765;3;41;0.001000;/lscratch/1165466.dm2/tmp_material.h5;/lscratch/1165466.dm2/1024x1024_3threads_out_par2.h5;par2;0.000000;2.761577e+01;2.828036e-03
1024;9765;3;51;0.001000;/lscratch/1165466.dm2/tmp_material.h5;/lscratch/1165466.dm2/1024x1024_3threads_out_par2.h5;par2;0.000000;2.738779e+01;2.804689e-03
1024;9765;3;61;0.001000;/lscratch/1165466.dm2/tmp_material.h5;/lscratch/1165466.dm2/1024x1024_3threads_out_par2.h5;par2;0.000000;2.716127e+01;2.781492e-03
1024;9765;3;71;0.001000;/lscratch/1165466.dm2/tmp_material.h5;/lscratch/1165466.dm2/1024x1024_3threads_out_par2.h5;par2;0.000000;2.758678e+01;2.825068e-03
1024;9765;3;81;0.001000;/lscratch/1165466.dm2/tmp_material.h5;/lscratch/1165466.dm2/1024x1024_3threads_out_par2.h5;par2;0.000000;2.794701e+01;2.861957e-03
1024;9765;3;91;0.001000;/lscratch/1165466.dm2/tmp_material.h5;/lscratch/1165466.dm2/1024x1024_3threads_out_par2.h5;par2;0.000000;2.724658e+01;2.790229e-03
1024;9765;3;101;0.001000;/lscratch/1165466.dm2/tmp_material.h5;/lscratch/1165466.dm2/1024x1024_3threads_out_par2.h5;par2;0.000000;2.701824e+01;2.766845e-03


4, non-overlapped
1024;9765;4;1;0.001000;/lscratch/1165466.dm2/tmp_material.h5;/lscratch/1165466.dm2/1024x1024_4threads_out_par1.h5;par1;0.000000;4.479002e+01;4.586791e-03
1024;9765;4;11;0.001000;/lscratch/1165466.dm2/tmp_material.h5;/lscratch/1165466.dm2/1024x1024_4threads_out_par1.h5;par1;0.000000;2.229395e+01;2.283047e-03
1024;9765;4;21;0.001000;/lscratch/1165466.dm2/tmp_material.h5;/lscratch/1165466.dm2/1024x1024_4threads_out_par1.h5;par1;0.000000;2.114219e+01;2.165099e-03
1024;9765;4;31;0.001000;/lscratch/1165466.dm2/tmp_material.h5;/lscratch/1165466.dm2/1024x1024_4threads_out_par1.h5;par1;0.000000;1.912002e+01;1.958015e-03
1024;9765;4;41;0.001000;/lscratch/1165466.dm2/tmp_material.h5;/lscratch/1165466.dm2/1024x1024_4threads_out_par1.h5;par1;0.000000;1.448471e+01;1.483329e-03
1024;9765;4;51;0.001000;/lscratch/1165466.dm2/tmp_material.h5;/lscratch/1165466.dm2/1024x1024_4threads_out_par1.h5;par1;0.000000;1.431467e+01;1.465916e-03
1024;9765;4;61;0.001000;/lscratch/1165466.dm2/tmp_material.h5;/lscratch/1165466.dm2/1024x1024_4threads_out_par1.h5;par1;0.000000;1.440579e+01;1.475247e-03
1024;9765;4;71;0.001000;/lscratch/1165466.dm2/tmp_material.h5;/lscratch/1165466.dm2/1024x1024_4threads_out_par1.h5;par1;0.000000;1.437810e+01;1.472412e-03
1024;9765;4;81;0.001000;/lscratch/1165466.dm2/tmp_material.h5;/lscratch/1165466.dm2/1024x1024_4threads_out_par1.h5;par1;0.000000;1.430645e+01;1.465074e-03
1024;9765;4;91;0.001000;/lscratch/1165466.dm2/tmp_material.h5;/lscratch/1165466.dm2/1024x1024_4threads_out_par1.h5;par1;0.000000;1.427641e+01;1.461998e-03
1024;9765;4;101;0.001000;/lscratch/1165466.dm2/tmp_material.h5;/lscratch/1165466.dm2/1024x1024_4threads_out_par1.h5;par1;0.000000;1.435014e+01;1.469548e-03


4, overlapped
1024;9765;4;1;0.001000;/lscratch/1165466.dm2/tmp_material.h5;/lscratch/1165466.dm2/1024x1024_4threads_out_par2.h5;par2;0.000000;3.790707e+01;3.881932e-03
1024;9765;4;11;0.001000;/lscratch/1165466.dm2/tmp_material.h5;/lscratch/1165466.dm2/1024x1024_4threads_out_par2.h5;par2;0.000000;2.652988e+01;2.716834e-03
1024;9765;4;21;0.001000;/lscratch/1165466.dm2/tmp_material.h5;/lscratch/1165466.dm2/1024x1024_4threads_out_par2.h5;par2;0.000000;2.285930e+01;2.340942e-03
1024;9765;4;31;0.001000;/lscratch/1165466.dm2/tmp_material.h5;/lscratch/1165466.dm2/1024x1024_4threads_out_par2.h5;par2;0.000000;2.163896e+01;2.215972e-03
1024;9765;4;41;0.001000;/lscratch/1165466.dm2/tmp_material.h5;/lscratch/1165466.dm2/1024x1024_4threads_out_par2.h5;par2;0.000000;1.908661e+01;1.954594e-03
1024;9765;4;51;0.001000;/lscratch/1165466.dm2/tmp_material.h5;/lscratch/1165466.dm2/1024x1024_4threads_out_par2.h5;par2;0.000000;1.843186e+01;1.887543e-03
1024;9765;4;61;0.001000;/lscratch/1165466.dm2/tmp_material.h5;/lscratch/1165466.dm2/1024x1024_4threads_out_par2.h5;par2;0.000000;1.818573e+01;1.862338e-03
1024;9765;4;71;0.001000;/lscratch/1165466.dm2/tmp_material.h5;/lscratch/1165466.dm2/1024x1024_4threads_out_par2.h5;par2;0.000000;1.832357e+01;1.876453e-03
1024;9765;4;81;0.001000;/lscratch/1165466.dm2/tmp_material.h5;/lscratch/1165466.dm2/1024x1024_4threads_out_par2.h5;par2;0.000000;1.816640e+01;1.860359e-03
1024;9765;4;91;0.001000;/lscratch/1165466.dm2/tmp_material.h5;/lscratch/1165466.dm2/1024x1024_4threads_out_par2.h5;par2;0.000000;1.846530e+01;1.890968e-03
1024;9765;4;101;0.001000;/lscratch/1165466.dm2/tmp_material.h5;/lscratch/1165466.dm2/1024x1024_4threads_out_par2.h5;par2;0.000000;1.840150e+01;1.884434e-03


5, non-overlapped
1024;9765;5;1;0.001000;/lscratch/1165466.dm2/tmp_material.h5;/lscratch/1165466.dm2/1024x1024_5threads_out_par1.h5;par1;0.000000;4.631479e+01;4.742938e-03
1024;9765;5;11;0.001000;/lscratch/1165466.dm2/tmp_material.h5;/lscratch/1165466.dm2/1024x1024_5threads_out_par1.h5;par1;0.000000;1.911857e+01;1.957867e-03
1024;9765;5;21;0.001000;/lscratch/1165466.dm2/tmp_material.h5;/lscratch/1165466.dm2/1024x1024_5threads_out_par1.h5;par1;0.000000;1.744350e+01;1.786329e-03
1024;9765;5;31;0.001000;/lscratch/1165466.dm2/tmp_material.h5;/lscratch/1165466.dm2/1024x1024_5threads_out_par1.h5;par1;0.000000;1.611871e+01;1.650661e-03
1024;9765;5;41;0.001000;/lscratch/1165466.dm2/tmp_material.h5;/lscratch/1165466.dm2/1024x1024_5threads_out_par1.h5;par1;0.000000;1.237120e+01;1.266892e-03
1024;9765;5;51;0.001000;/lscratch/1165466.dm2/tmp_material.h5;/lscratch/1165466.dm2/1024x1024_5threads_out_par1.h5;par1;0.000000;1.230083e+01;1.259686e-03
1024;9765;5;61;0.001000;/lscratch/1165466.dm2/tmp_material.h5;/lscratch/1165466.dm2/1024x1024_5threads_out_par1.h5;par1;0.000000;1.207198e+01;1.236250e-03
1024;9765;5;71;0.001000;/lscratch/1165466.dm2/tmp_material.h5;/lscratch/1165466.dm2/1024x1024_5threads_out_par1.h5;par1;0.000000;1.181067e+01;1.209490e-03
1024;9765;5;81;0.001000;/lscratch/1165466.dm2/tmp_material.h5;/lscratch/1165466.dm2/1024x1024_5threads_out_par1.h5;par1;0.000000;1.201995e+01;1.230921e-03
1024;9765;5;91;0.001000;/lscratch/1165466.dm2/tmp_material.h5;/lscratch/1165466.dm2/1024x1024_5threads_out_par1.h5;par1;0.000000;1.168007e+01;1.196115e-03
1024;9765;5;101;0.001000;/lscratch/1165466.dm2/tmp_material.h5;/lscratch/1165466.dm2/1024x1024_5threads_out_par1.h5;par1;0.000000;1.205233e+01;1.234238e-03


5, overlapped
1024;9765;5;1;0.001000;/lscratch/1165466.dm2/tmp_material.h5;/lscratch/1165466.dm2/1024x1024_5threads_out_par2.h5;par2;0.000000;3.640827e+01;3.728446e-03
1024;9765;5;11;0.001000;/lscratch/1165466.dm2/tmp_material.h5;/lscratch/1165466.dm2/1024x1024_5threads_out_par2.h5;par2;0.000000;1.523714e+01;1.560383e-03
1024;9765;5;21;0.001000;/lscratch/1165466.dm2/tmp_material.h5;/lscratch/1165466.dm2/1024x1024_5threads_out_par2.h5;par2;0.000000;1.450593e+01;1.485502e-03
1024;9765;5;31;0.001000;/lscratch/1165466.dm2/tmp_material.h5;/lscratch/1165466.dm2/1024x1024_5threads_out_par2.h5;par2;0.000000;1.437739e+01;1.472339e-03
1024;9765;5;41;0.001000;/lscratch/1165466.dm2/tmp_material.h5;/lscratch/1165466.dm2/1024x1024_5threads_out_par2.h5;par2;0.000000;1.423199e+01;1.457449e-03
1024;9765;5;51;0.001000;/lscratch/1165466.dm2/tmp_material.h5;/lscratch/1165466.dm2/1024x1024_5threads_out_par2.h5;par2;0.000000;1.440188e+01;1.474847e-03
1024;9765;5;61;0.001000;/lscratch/1165466.dm2/tmp_material.h5;/lscratch/1165466.dm2/1024x1024_5threads_out_par2.h5;par2;0.000000;1.440149e+01;1.474807e-03
1024;9765;5;71;0.001000;/lscratch/1165466.dm2/tmp_material.h5;/lscratch/1165466.dm2/1024x1024_5threads_out_par2.h5;par2;0.000000;1.419044e+01;1.453194e-03
1024;9765;5;81;0.001000;/lscratch/1165466.dm2/tmp_material.h5;/lscratch/1165466.dm2/1024x1024_5threads_out_par2.h5;par2;0.000000;1.467312e+01;1.502623e-03
1024;9765;5;91;0.001000;/lscratch/1165466.dm2/tmp_material.h5;/lscratch/1165466.dm2/1024x1024_5threads_out_par2.h5;par2;0.000000;1.500177e+01;1.536279e-03
1024;9765;5;101;0.001000;/lscratch/1165466.dm2/tmp_material.h5;/lscratch/1165466.dm2/1024x1024_5threads_out_par2.h5;par2;0.000000;1.424344e+01;1.458621e-03


6, non-overlapped
1024;9765;6;1;0.001000;/lscratch/1165466.dm2/tmp_material.h5;/lscratch/1165466.dm2/1024x1024_6threads_out_par1.h5;par1;0.000000;4.534010e+01;4.643123e-03
1024;9765;6;11;0.001000;/lscratch/1165466.dm2/tmp_material.h5;/lscratch/1165466.dm2/1024x1024_6threads_out_par1.h5;par1;0.000000;1.259378e+01;1.289685e-03
1024;9765;6;21;0.001000;/lscratch/1165466.dm2/tmp_material.h5;/lscratch/1165466.dm2/1024x1024_6threads_out_par1.h5;par1;0.000000;1.535602e+01;1.572557e-03
1024;9765;6;31;0.001000;/lscratch/1165466.dm2/tmp_material.h5;/lscratch/1165466.dm2/1024x1024_6threads_out_par1.h5;par1;0.000000;1.220561e+01;1.249935e-03
1024;9765;6;41;0.001000;/lscratch/1165466.dm2/tmp_material.h5;/lscratch/1165466.dm2/1024x1024_6threads_out_par1.h5;par1;0.000000;1.148257e+01;1.175890e-03
1024;9765;6;51;0.001000;/lscratch/1165466.dm2/tmp_material.h5;/lscratch/1165466.dm2/1024x1024_6threads_out_par1.h5;par1;0.000000;1.052706e+01;1.078040e-03
1024;9765;6;61;0.001000;/lscratch/1165466.dm2/tmp_material.h5;/lscratch/1165466.dm2/1024x1024_6threads_out_par1.h5;par1;0.000000;1.015728e+01;1.040172e-03
1024;9765;6;71;0.001000;/lscratch/1165466.dm2/tmp_material.h5;/lscratch/1165466.dm2/1024x1024_6threads_out_par1.h5;par1;0.000000;1.008926e+01;1.033206e-03
1024;9765;6;81;0.001000;/lscratch/1165466.dm2/tmp_material.h5;/lscratch/1165466.dm2/1024x1024_6threads_out_par1.h5;par1;0.000000;9.991697e+00;1.023215e-03
1024;9765;6;91;0.001000;/lscratch/1165466.dm2/tmp_material.h5;/lscratch/1165466.dm2/1024x1024_6threads_out_par1.h5;par1;0.000000;1.001120e+01;1.025213e-03
1024;9765;6;101;0.001000;/lscratch/1165466.dm2/tmp_material.h5;/lscratch/1165466.dm2/1024x1024_6threads_out_par1.h5;par1;0.000000;1.009046e+01;1.033329e-03


6, overlapped
1024;9765;6;1;0.001000;/lscratch/1165466.dm2/tmp_material.h5;/lscratch/1165466.dm2/1024x1024_6threads_out_par2.h5;par2;0.000000;4.077873e+01;4.176009e-03
1024;9765;6;11;0.001000;/lscratch/1165466.dm2/tmp_material.h5;/lscratch/1165466.dm2/1024x1024_6threads_out_par2.h5;par2;0.000000;1.253493e+01;1.283659e-03
1024;9765;6;21;0.001000;/lscratch/1165466.dm2/tmp_material.h5;/lscratch/1165466.dm2/1024x1024_6threads_out_par2.h5;par2;0.000000;1.565111e+01;1.602776e-03
1024;9765;6;31;0.001000;/lscratch/1165466.dm2/tmp_material.h5;/lscratch/1165466.dm2/1024x1024_6threads_out_par2.h5;par2;0.000000;1.644695e+01;1.684275e-03
1024;9765;6;41;0.001000;/lscratch/1165466.dm2/tmp_material.h5;/lscratch/1165466.dm2/1024x1024_6threads_out_par2.h5;par2;0.000000;1.283478e+01;1.314366e-03
1024;9765;6;51;0.001000;/lscratch/1165466.dm2/tmp_material.h5;/lscratch/1165466.dm2/1024x1024_6threads_out_par2.h5;par2;0.000000;1.180327e+01;1.208733e-03
1024;9765;6;61;0.001000;/lscratch/1165466.dm2/tmp_material.h5;/lscratch/1165466.dm2/1024x1024_6threads_out_par2.h5;par2;0.000000;1.167442e+01;1.195537e-03
1024;9765;6;71;0.001000;/lscratch/1165466.dm2/tmp_material.h5;/lscratch/1165466.dm2/1024x1024_6threads_out_par2.h5;par2;0.000000;1.182998e+01;1.211467e-03
1024;9765;6;81;0.001000;/lscratch/1165466.dm2/tmp_material.h5;/lscratch/1165466.dm2/1024x1024_6threads_out_par2.h5;par2;0.000000;1.207781e+01;1.236847e-03
1024;9765;6;91;0.001000;/lscratch/1165466.dm2/tmp_material.h5;/lscratch/1165466.dm2/1024x1024_6threads_out_par2.h5;par2;0.000000;1.153973e+01;1.181744e-03
1024;9765;6;101;0.001000;/lscratch/1165466.dm2/tmp_material.h5;/lscratch/1165466.dm2/1024x1024_6threads_out_par2.h5;par2;0.000000;1.147938e+01;1.175564e-03


7, non-overlapped
1024;9765;7;1;0.001000;/lscratch/1165466.dm2/tmp_material.h5;/lscratch/1165466.dm2/1024x1024_7threads_out_par1.h5;par1;0.000000;4.533896e+01;4.643007e-03
1024;9765;7;11;0.001000;/lscratch/1165466.dm2/tmp_material.h5;/lscratch/1165466.dm2/1024x1024_7threads_out_par1.h5;par1;0.000000;1.207806e+01;1.236873e-03
1024;9765;7;21;0.001000;/lscratch/1165466.dm2/tmp_material.h5;/lscratch/1165466.dm2/1024x1024_7threads_out_par1.h5;par1;0.000000;1.012052e+01;1.036407e-03
1024;9765;7;31;0.001000;/lscratch/1165466.dm2/tmp_material.h5;/lscratch/1165466.dm2/1024x1024_7threads_out_par1.h5;par1;0.000000;1.097944e+01;1.124366e-03
1024;9765;7;41;0.001000;/lscratch/1165466.dm2/tmp_material.h5;/lscratch/1165466.dm2/1024x1024_7threads_out_par1.h5;par1;0.000000;9.415585e+00;9.642176e-04
1024;9765;7;51;0.001000;/lscratch/1165466.dm2/tmp_material.h5;/lscratch/1165466.dm2/1024x1024_7threads_out_par1.h5;par1;0.000000;1.067107e+01;1.092788e-03
1024;9765;7;61;0.001000;/lscratch/1165466.dm2/tmp_material.h5;/lscratch/1165466.dm2/1024x1024_7threads_out_par1.h5;par1;0.000000;9.396586e+00;9.622720e-04
1024;9765;7;71;0.001000;/lscratch/1165466.dm2/tmp_material.h5;/lscratch/1165466.dm2/1024x1024_7threads_out_par1.h5;par1;0.000000;8.939929e+00;9.155073e-04
1024;9765;7;81;0.001000;/lscratch/1165466.dm2/tmp_material.h5;/lscratch/1165466.dm2/1024x1024_7threads_out_par1.h5;par1;0.000000;9.261562e+00;9.484447e-04
1024;9765;7;91;0.001000;/lscratch/1165466.dm2/tmp_material.h5;/lscratch/1165466.dm2/1024x1024_7threads_out_par1.h5;par1;0.000000;9.197279e+00;9.418617e-04
1024;9765;7;101;0.001000;/lscratch/1165466.dm2/tmp_material.h5;/lscratch/1165466.dm2/1024x1024_7threads_out_par1.h5;par1;0.000000;8.814920e+00;9.027056e-04


7, overlapped
1024;9765;7;1;0.001000;/lscratch/1165466.dm2/tmp_material.h5;/lscratch/1165466.dm2/1024x1024_7threads_out_par2.h5;par2;0.000000;4.247164e+01;4.349375e-03
1024;9765;7;11;0.001000;/lscratch/1165466.dm2/tmp_material.h5;/lscratch/1165466.dm2/1024x1024_7threads_out_par2.h5;par2;0.000000;1.281745e+01;1.312591e-03
1024;9765;7;21;0.001000;/lscratch/1165466.dm2/tmp_material.h5;/lscratch/1165466.dm2/1024x1024_7threads_out_par2.h5;par2;0.000000;1.103223e+01;1.129773e-03
1024;9765;7;31;0.001000;/lscratch/1165466.dm2/tmp_material.h5;/lscratch/1165466.dm2/1024x1024_7threads_out_par2.h5;par2;0.000000;1.026633e+01;1.051339e-03
1024;9765;7;41;0.001000;/lscratch/1165466.dm2/tmp_material.h5;/lscratch/1165466.dm2/1024x1024_7threads_out_par2.h5;par2;0.000000;1.028503e+01;1.053255e-03
1024;9765;7;51;0.001000;/lscratch/1165466.dm2/tmp_material.h5;/lscratch/1165466.dm2/1024x1024_7threads_out_par2.h5;par2;0.000000;1.247718e+01;1.277745e-03
1024;9765;7;61;0.001000;/lscratch/1165466.dm2/tmp_material.h5;/lscratch/1165466.dm2/1024x1024_7threads_out_par2.h5;par2;0.000000;1.019274e+01;1.043804e-03
1024;9765;7;71;0.001000;/lscratch/1165466.dm2/tmp_material.h5;/lscratch/1165466.dm2/1024x1024_7threads_out_par2.h5;par2;0.000000;1.004269e+01;1.028437e-03
1024;9765;7;81;0.001000;/lscratch/1165466.dm2/tmp_material.h5;/lscratch/1165466.dm2/1024x1024_7threads_out_par2.h5;par2;0.000000;1.004731e+01;1.028911e-03
1024;9765;7;91;0.001000;/lscratch/1165466.dm2/tmp_material.h5;/lscratch/1165466.dm2/1024x1024_7threads_out_par2.h5;par2;0.000000;1.023720e+01;1.048357e-03
1024;9765;7;101;0.001000;/lscratch/1165466.dm2/tmp_material.h5;/lscratch/1165466.dm2/1024x1024_7threads_out_par2.h5;par2;0.000000;1.021966e+01;1.046560e-03


8, non-overlapped
1024;9765;8;1;0.001000;/lscratch/1165466.dm2/tmp_material.h5;/lscratch/1165466.dm2/1024x1024_8threads_out_par1.h5;par1;0.000000;4.196761e+01;4.297758e-03
1024;9765;8;11;0.001000;/lscratch/1165466.dm2/tmp_material.h5;/lscratch/1165466.dm2/1024x1024_8threads_out_par1.h5;par1;0.000000;1.053275e+01;1.078622e-03
1024;9765;8;21;0.001000;/lscratch/1165466.dm2/tmp_material.h5;/lscratch/1165466.dm2/1024x1024_8threads_out_par1.h5;par1;0.000000;9.294694e+00;9.518376e-04
1024;9765;8;31;0.001000;/lscratch/1165466.dm2/tmp_material.h5;/lscratch/1165466.dm2/1024x1024_8threads_out_par1.h5;par1;0.000000;1.398271e+01;1.431921e-03
1024;9765;8;41;0.001000;/lscratch/1165466.dm2/tmp_material.h5;/lscratch/1165466.dm2/1024x1024_8threads_out_par1.h5;par1;0.000000;8.545476e+00;8.751127e-04
1024;9765;8;51;0.001000;/lscratch/1165466.dm2/tmp_material.h5;/lscratch/1165466.dm2/1024x1024_8threads_out_par1.h5;par1;0.000000;8.295125e+00;8.494752e-04
1024;9765;8;61;0.001000;/lscratch/1165466.dm2/tmp_material.h5;/lscratch/1165466.dm2/1024x1024_8threads_out_par1.h5;par1;0.000000;8.003856e+00;8.196473e-04
1024;9765;8;71;0.001000;/lscratch/1165466.dm2/tmp_material.h5;/lscratch/1165466.dm2/1024x1024_8threads_out_par1.h5;par1;0.000000;8.119980e+00;8.315392e-04
1024;9765;8;81;0.001000;/lscratch/1165466.dm2/tmp_material.h5;/lscratch/1165466.dm2/1024x1024_8threads_out_par1.h5;par1;0.000000;7.981127e+00;8.173197e-04
1024;9765;8;91;0.001000;/lscratch/1165466.dm2/tmp_material.h5;/lscratch/1165466.dm2/1024x1024_8threads_out_par1.h5;par1;0.000000;8.088973e+00;8.283639e-04
1024;9765;8;101;0.001000;/lscratch/1165466.dm2/tmp_material.h5;/lscratch/1165466.dm2/1024x1024_8threads_out_par1.h5;par1;0.000000;7.822578e+00;8.010833e-04


8, overlapped
1024;9765;8;1;0.001000;/lscratch/1165466.dm2/tmp_material.h5;/lscratch/1165466.dm2/1024x1024_8threads_out_par2.h5;par2;0.000000;4.681489e+01;4.794152e-03
1024;9765;8;11;0.001000;/lscratch/1165466.dm2/tmp_material.h5;/lscratch/1165466.dm2/1024x1024_8threads_out_par2.h5;par2;0.000000;9.378922e+00;9.604631e-04
1024;9765;8;21;0.001000;/lscratch/1165466.dm2/tmp_material.h5;/lscratch/1165466.dm2/1024x1024_8threads_out_par2.h5;par2;0.000000;1.606948e+01;1.645620e-03
1024;9765;8;31;0.001000;/lscratch/1165466.dm2/tmp_material.h5;/lscratch/1165466.dm2/1024x1024_8threads_out_par2.h5;par2;0.000000;1.620352e+01;1.659346e-03
1024;9765;8;41;0.001000;/lscratch/1165466.dm2/tmp_material.h5;/lscratch/1165466.dm2/1024x1024_8threads_out_par2.h5;par2;0.000000;9.579078e+00;9.809604e-04
1024;9765;8;51;0.001000;/lscratch/1165466.dm2/tmp_material.h5;/lscratch/1165466.dm2/1024x1024_8threads_out_par2.h5;par2;0.000000;8.875499e+00;9.089093e-04
1024;9765;8;61;0.001000;/lscratch/1165466.dm2/tmp_material.h5;/lscratch/1165466.dm2/1024x1024_8threads_out_par2.h5;par2;0.000000;9.301166e+00;9.525003e-04
1024;9765;8;71;0.001000;/lscratch/1165466.dm2/tmp_material.h5;/lscratch/1165466.dm2/1024x1024_8threads_out_par2.h5;par2;0.000000;8.697341e+00;8.906647e-04
1024;9765;8;81;0.001000;/lscratch/1165466.dm2/tmp_material.h5;/lscratch/1165466.dm2/1024x1024_8threads_out_par2.h5;par2;0.000000;9.041057e+00;9.258635e-04
1024;9765;8;91;0.001000;/lscratch/1165466.dm2/tmp_material.h5;/lscratch/1165466.dm2/1024x1024_8threads_out_par2.h5;par2;0.000000;8.727777e+00;8.937816e-04
1024;9765;8;101;0.001000;/lscratch/1165466.dm2/tmp_material.h5;/lscratch/1165466.dm2/1024x1024_8threads_out_par2.h5;par2;0.000000;9.016722e+00;9.233714e-04


9, non-overlapped
1024;9765;9;1;0.001000;/lscratch/1165466.dm2/tmp_material.h5;/lscratch/1165466.dm2/1024x1024_9threads_out_par1.h5;par1;0.000000;4.047342e+01;4.144743e-03
1024;9765;9;11;0.001000;/lscratch/1165466.dm2/tmp_material.h5;/lscratch/1165466.dm2/1024x1024_9threads_out_par1.h5;par1;0.000000;1.129305e+01;1.156483e-03
1024;9765;9;21;0.001000;/lscratch/1165466.dm2/tmp_material.h5;/lscratch/1165466.dm2/1024x1024_9threads_out_par1.h5;par1;0.000000;9.689245e+00;9.922422e-04
1024;9765;9;31;0.001000;/lscratch/1165466.dm2/tmp_material.h5;/lscratch/1165466.dm2/1024x1024_9threads_out_par1.h5;par1;0.000000;9.187920e+00;9.409032e-04
1024;9765;9;41;0.001000;/lscratch/1165466.dm2/tmp_material.h5;/lscratch/1165466.dm2/1024x1024_9threads_out_par1.h5;par1;0.000000;8.979036e+00;9.195121e-04
1024;9765;9;51;0.001000;/lscratch/1165466.dm2/tmp_material.h5;/lscratch/1165466.dm2/1024x1024_9threads_out_par1.h5;par1;0.000000;8.840498e+00;9.053249e-04
1024;9765;9;61;0.001000;/lscratch/1165466.dm2/tmp_material.h5;/lscratch/1165466.dm2/1024x1024_9threads_out_par1.h5;par1;0.000000;8.338809e+00;8.539487e-04
1024;9765;9;71;0.001000;/lscratch/1165466.dm2/tmp_material.h5;/lscratch/1165466.dm2/1024x1024_9threads_out_par1.h5;par1;0.000000;7.100954e+00;7.271842e-04
1024;9765;9;81;0.001000;/lscratch/1165466.dm2/tmp_material.h5;/lscratch/1165466.dm2/1024x1024_9threads_out_par1.h5;par1;0.000000;6.948185e+00;7.115397e-04
1024;9765;9;91;0.001000;/lscratch/1165466.dm2/tmp_material.h5;/lscratch/1165466.dm2/1024x1024_9threads_out_par1.h5;par1;0.000000;6.950878e+00;7.118155e-04
1024;9765;9;101;0.001000;/lscratch/1165466.dm2/tmp_material.h5;/lscratch/1165466.dm2/1024x1024_9threads_out_par1.h5;par1;0.000000;6.983414e+00;7.151474e-04


9, overlapped
1024;9765;9;1;0.001000;/lscratch/1165466.dm2/tmp_material.h5;/lscratch/1165466.dm2/1024x1024_9threads_out_par2.h5;par2;0.000000;4.162887e+01;4.263069e-03
1024;9765;9;11;0.001000;/lscratch/1165466.dm2/tmp_material.h5;/lscratch/1165466.dm2/1024x1024_9threads_out_par2.h5;par2;0.000000;1.022095e+01;1.046693e-03
1024;9765;9;21;0.001000;/lscratch/1165466.dm2/tmp_material.h5;/lscratch/1165466.dm2/1024x1024_9threads_out_par2.h5;par2;0.000000;9.755523e+00;9.990295e-04
1024;9765;9;31;0.001000;/lscratch/1165466.dm2/tmp_material.h5;/lscratch/1165466.dm2/1024x1024_9threads_out_par2.h5;par2;0.000000;9.531863e+00;9.761252e-04
1024;9765;9;41;0.001000;/lscratch/1165466.dm2/tmp_material.h5;/lscratch/1165466.dm2/1024x1024_9threads_out_par2.h5;par2;0.000000;1.256756e+01;1.287000e-03
1024;9765;9;51;0.001000;/lscratch/1165466.dm2/tmp_material.h5;/lscratch/1165466.dm2/1024x1024_9threads_out_par2.h5;par2;0.000000;1.252998e+01;1.283152e-03
1024;9765;9;61;0.001000;/lscratch/1165466.dm2/tmp_material.h5;/lscratch/1165466.dm2/1024x1024_9threads_out_par2.h5;par2;0.000000;8.769557e+00;8.980601e-04
1024;9765;9;71;0.001000;/lscratch/1165466.dm2/tmp_material.h5;/lscratch/1165466.dm2/1024x1024_9threads_out_par2.h5;par2;0.000000;8.196133e+00;8.393377e-04
1024;9765;9;81;0.001000;/lscratch/1165466.dm2/tmp_material.h5;/lscratch/1165466.dm2/1024x1024_9threads_out_par2.h5;par2;0.000000;7.686802e+00;7.871789e-04
1024;9765;9;91;0.001000;/lscratch/1165466.dm2/tmp_material.h5;/lscratch/1165466.dm2/1024x1024_9threads_out_par2.h5;par2;0.000000;7.613026e+00;7.796238e-04
1024;9765;9;101;0.001000;/lscratch/1165466.dm2/tmp_material.h5;/lscratch/1165466.dm2/1024x1024_9threads_out_par2.h5;par2;0.000000;7.484631e+00;7.664753e-04


10, non-overlapped
1024;9765;10;1;0.001000;/lscratch/1165481.dm2/tmp_material.h5;/lscratch/1165481.dm2/1024x1024_10threads_out_par1.h5;par1;0.000000;4.132163e+01;4.231606e-03
1024;9765;10;11;0.001000;/lscratch/1165481.dm2/tmp_material.h5;/lscratch/1165481.dm2/1024x1024_10threads_out_par1.h5;par1;0.000000;1.032930e+01;1.057788e-03
1024;9765;10;21;0.001000;/lscratch/1165481.dm2/tmp_material.h5;/lscratch/1165481.dm2/1024x1024_10threads_out_par1.h5;par1;0.000000;1.012085e+01;1.036441e-03
1024;9765;10;31;0.001000;/lscratch/1165481.dm2/tmp_material.h5;/lscratch/1165481.dm2/1024x1024_10threads_out_par1.h5;par1;0.000000;8.406614e+00;8.608924e-04
1024;9765;10;41;0.001000;/lscratch/1165481.dm2/tmp_material.h5;/lscratch/1165481.dm2/1024x1024_10threads_out_par1.h5;par1;0.000000;8.100842e+00;8.295793e-04
1024;9765;10;51;0.001000;/lscratch/1165481.dm2/tmp_material.h5;/lscratch/1165481.dm2/1024x1024_10threads_out_par1.h5;par1;0.000000;9.492012e+00;9.720442e-04
1024;9765;10;61;0.001000;/lscratch/1165481.dm2/tmp_material.h5;/lscratch/1165481.dm2/1024x1024_10threads_out_par1.h5;par1;0.000000;7.667975e+00;7.852509e-04
1024;9765;10;71;0.001000;/lscratch/1165481.dm2/tmp_material.h5;/lscratch/1165481.dm2/1024x1024_10threads_out_par1.h5;par1;0.000000;7.245047e+00;7.419403e-04
1024;9765;10;81;0.001000;/lscratch/1165481.dm2/tmp_material.h5;/lscratch/1165481.dm2/1024x1024_10threads_out_par1.h5;par1;0.000000;6.228310e+00;6.378198e-04
1024;9765;10;91;0.001000;/lscratch/1165481.dm2/tmp_material.h5;/lscratch/1165481.dm2/1024x1024_10threads_out_par1.h5;par1;0.000000;6.264725e+00;6.415489e-04
1024;9765;10;101;0.001000;/lscratch/1165481.dm2/tmp_material.h5;/lscratch/1165481.dm2/1024x1024_10threads_out_par1.h5;par1;0.000000;6.494364e+00;6.650654e-04


10, overlapped
1024;9765;10;1;0.001000;/lscratch/1165481.dm2/tmp_material.h5;/lscratch/1165481.dm2/1024x1024_10threads_out_par2.h5;par2;0.000000;3.984202e+01;4.080084e-03
1024;9765;10;11;0.001000;/lscratch/1165481.dm2/tmp_material.h5;/lscratch/1165481.dm2/1024x1024_10threads_out_par2.h5;par2;0.000000;9.035770e+00;9.253221e-04
1024;9765;10;21;0.001000;/lscratch/1165481.dm2/tmp_material.h5;/lscratch/1165481.dm2/1024x1024_10threads_out_par2.h5;par2;0.000000;8.609788e+00;8.816987e-04
1024;9765;10;31;0.001000;/lscratch/1165481.dm2/tmp_material.h5;/lscratch/1165481.dm2/1024x1024_10threads_out_par2.h5;par2;0.000000;1.190627e+01;1.219280e-03
1024;9765;10;41;0.001000;/lscratch/1165481.dm2/tmp_material.h5;/lscratch/1165481.dm2/1024x1024_10threads_out_par2.h5;par2;0.000000;8.550373e+00;8.756142e-04
1024;9765;10;51;0.001000;/lscratch/1165481.dm2/tmp_material.h5;/lscratch/1165481.dm2/1024x1024_10threads_out_par2.h5;par2;0.000000;8.059020e+00;8.252965e-04
1024;9765;10;61;0.001000;/lscratch/1165481.dm2/tmp_material.h5;/lscratch/1165481.dm2/1024x1024_10threads_out_par2.h5;par2;0.000000;8.023544e+00;8.216635e-04
1024;9765;10;71;0.001000;/lscratch/1165481.dm2/tmp_material.h5;/lscratch/1165481.dm2/1024x1024_10threads_out_par2.h5;par2;0.000000;7.716593e+00;7.902297e-04
1024;9765;10;81;0.001000;/lscratch/1165481.dm2/tmp_material.h5;/lscratch/1165481.dm2/1024x1024_10threads_out_par2.h5;par2;0.000000;6.595897e+00;6.754631e-04
1024;9765;10;91;0.001000;/lscratch/1165481.dm2/tmp_material.h5;/lscratch/1165481.dm2/1024x1024_10threads_out_par2.h5;par2;0.000000;6.666588e+00;6.827023e-04
1024;9765;10;101;0.001000;/lscratch/1165481.dm2/tmp_material.h5;/lscratch/1165481.dm2/1024x1024_10threads_out_par2.h5;par2;0.000000;6.937491e+00;7.104445e-04


11, non-overlapped
1024;9765;11;1;0.001000;/lscratch/1165481.dm2/tmp_material.h5;/lscratch/1165481.dm2/1024x1024_11threads_out_par1.h5;par1;0.000000;4.109387e+01;4.208281e-03
1024;9765;11;11;0.001000;/lscratch/1165481.dm2/tmp_material.h5;/lscratch/1165481.dm2/1024x1024_11threads_out_par1.h5;par1;0.000000;9.466339e+00;9.694151e-04
1024;9765;11;21;0.001000;/lscratch/1165481.dm2/tmp_material.h5;/lscratch/1165481.dm2/1024x1024_11threads_out_par1.h5;par1;0.000000;8.473645e+00;8.677568e-04
1024;9765;11;31;0.001000;/lscratch/1165481.dm2/tmp_material.h5;/lscratch/1165481.dm2/1024x1024_11threads_out_par1.h5;par1;0.000000;7.779220e+00;7.966431e-04
1024;9765;11;41;0.001000;/lscratch/1165481.dm2/tmp_material.h5;/lscratch/1165481.dm2/1024x1024_11threads_out_par1.h5;par1;0.000000;7.729935e+00;7.915960e-04
1024;9765;11;51;0.001000;/lscratch/1165481.dm2/tmp_material.h5;/lscratch/1165481.dm2/1024x1024_11threads_out_par1.h5;par1;0.000000;7.252693e+00;7.427233e-04
1024;9765;11;61;0.001000;/lscratch/1165481.dm2/tmp_material.h5;/lscratch/1165481.dm2/1024x1024_11threads_out_par1.h5;par1;0.000000;7.158515e+00;7.330789e-04
1024;9765;11;71;0.001000;/lscratch/1165481.dm2/tmp_material.h5;/lscratch/1165481.dm2/1024x1024_11threads_out_par1.h5;par1;0.000000;7.336990e+00;7.513559e-04
1024;9765;11;81;0.001000;/lscratch/1165481.dm2/tmp_material.h5;/lscratch/1165481.dm2/1024x1024_11threads_out_par1.h5;par1;0.000000;6.144051e+00;6.291911e-04
1024;9765;11;91;0.001000;/lscratch/1165481.dm2/tmp_material.h5;/lscratch/1165481.dm2/1024x1024_11threads_out_par1.h5;par1;0.000000;6.470314e+00;6.626026e-04
1024;9765;11;101;0.001000;/lscratch/1165481.dm2/tmp_material.h5;/lscratch/1165481.dm2/1024x1024_11threads_out_par1.h5;par1;0.000000;6.117704e+00;6.264930e-04


11, overlapped
1024;9765;11;1;0.001000;/lscratch/1165481.dm2/tmp_material.h5;/lscratch/1165481.dm2/1024x1024_11threads_out_par2.h5;par2;0.000000;4.164114e+01;4.264326e-03
1024;9765;11;11;0.001000;/lscratch/1165481.dm2/tmp_material.h5;/lscratch/1165481.dm2/1024x1024_11threads_out_par2.h5;par2;0.000000;8.542976e+00;8.748567e-04
1024;9765;11;21;0.001000;/lscratch/1165481.dm2/tmp_material.h5;/lscratch/1165481.dm2/1024x1024_11threads_out_par2.h5;par2;0.000000;9.147677e+00;9.367821e-04
1024;9765;11;31;0.001000;/lscratch/1165481.dm2/tmp_material.h5;/lscratch/1165481.dm2/1024x1024_11threads_out_par2.h5;par2;0.000000;9.667260e+00;9.899908e-04
1024;9765;11;41;0.001000;/lscratch/1165481.dm2/tmp_material.h5;/lscratch/1165481.dm2/1024x1024_11threads_out_par2.h5;par2;0.000000;7.548829e+00;7.730496e-04
1024;9765;11;51;0.001000;/lscratch/1165481.dm2/tmp_material.h5;/lscratch/1165481.dm2/1024x1024_11threads_out_par2.h5;par2;0.000000;7.378202e+00;7.555762e-04
1024;9765;11;61;0.001000;/lscratch/1165481.dm2/tmp_material.h5;/lscratch/1165481.dm2/1024x1024_11threads_out_par2.h5;par2;0.000000;7.493491e+00;7.673826e-04
1024;9765;11;71;0.001000;/lscratch/1165481.dm2/tmp_material.h5;/lscratch/1165481.dm2/1024x1024_11threads_out_par2.h5;par2;0.000000;6.363043e+00;6.516173e-04
1024;9765;11;81;0.001000;/lscratch/1165481.dm2/tmp_material.h5;/lscratch/1165481.dm2/1024x1024_11threads_out_par2.h5;par2;0.000000;6.050638e+00;6.196250e-04
1024;9765;11;91;0.001000;/lscratch/1165481.dm2/tmp_material.h5;/lscratch/1165481.dm2/1024x1024_11threads_out_par2.h5;par2;0.000000;6.015018e+00;6.159773e-04
1024;9765;11;101;0.001000;/lscratch/1165481.dm2/tmp_material.h5;/lscratch/1165481.dm2/1024x1024_11threads_out_par2.h5;par2;0.000000;5.914906e+00;6.057251e-04


12, non-overlapped
1024;9765;12;1;0.001000;/lscratch/1165481.dm2/tmp_material.h5;/lscratch/1165481.dm2/1024x1024_12threads_out_par1.h5;par1;0.000000;3.806752e+01;3.898364e-03
1024;9765;12;11;0.001000;/lscratch/1165481.dm2/tmp_material.h5;/lscratch/1165481.dm2/1024x1024_12threads_out_par1.h5;par1;0.000000;9.588664e+00;9.819420e-04
1024;9765;12;21;0.001000;/lscratch/1165481.dm2/tmp_material.h5;/lscratch/1165481.dm2/1024x1024_12threads_out_par1.h5;par1;0.000000;8.089247e+00;8.283919e-04
1024;9765;12;31;0.001000;/lscratch/1165481.dm2/tmp_material.h5;/lscratch/1165481.dm2/1024x1024_12threads_out_par1.h5;par1;0.000000;7.474077e+00;7.653945e-04
1024;9765;12;41;0.001000;/lscratch/1165481.dm2/tmp_material.h5;/lscratch/1165481.dm2/1024x1024_12threads_out_par1.h5;par1;0.000000;8.773619e+00;8.984761e-04
1024;9765;12;51;0.001000;/lscratch/1165481.dm2/tmp_material.h5;/lscratch/1165481.dm2/1024x1024_12threads_out_par1.h5;par1;0.000000;7.021101e+00;7.190068e-04
1024;9765;12;61;0.001000;/lscratch/1165481.dm2/tmp_material.h5;/lscratch/1165481.dm2/1024x1024_12threads_out_par1.h5;par1;0.000000;7.190810e+00;7.363861e-04
1024;9765;12;71;0.001000;/lscratch/1165481.dm2/tmp_material.h5;/lscratch/1165481.dm2/1024x1024_12threads_out_par1.h5;par1;0.000000;6.790462e+00;6.953878e-04
1024;9765;12;81;0.001000;/lscratch/1165481.dm2/tmp_material.h5;/lscratch/1165481.dm2/1024x1024_12threads_out_par1.h5;par1;0.000000;5.525607e+00;5.658584e-04
1024;9765;12;91;0.001000;/lscratch/1165481.dm2/tmp_material.h5;/lscratch/1165481.dm2/1024x1024_12threads_out_par1.h5;par1;0.000000;5.201670e+00;5.326851e-04
1024;9765;12;101;0.001000;/lscratch/1165481.dm2/tmp_material.h5;/lscratch/1165481.dm2/1024x1024_12threads_out_par1.h5;par1;0.000000;5.259220e+00;5.385786e-04


12, overlapped
1024;9765;12;1;0.001000;/lscratch/1165481.dm2/tmp_material.h5;/lscratch/1165481.dm2/1024x1024_12threads_out_par2.h5;par2;0.000000;3.819932e+01;3.911860e-03
1024;9765;12;11;0.001000;/lscratch/1165481.dm2/tmp_material.h5;/lscratch/1165481.dm2/1024x1024_12threads_out_par2.h5;par2;0.000000;8.057481e+00;8.251389e-04
1024;9765;12;21;0.001000;/lscratch/1165481.dm2/tmp_material.h5;/lscratch/1165481.dm2/1024x1024_12threads_out_par2.h5;par2;0.000000;8.053482e+00;8.247293e-04
1024;9765;12;31;0.001000;/lscratch/1165481.dm2/tmp_material.h5;/lscratch/1165481.dm2/1024x1024_12threads_out_par2.h5;par2;0.000000;7.021342e+00;7.190314e-04
1024;9765;12;41;0.001000;/lscratch/1165481.dm2/tmp_material.h5;/lscratch/1165481.dm2/1024x1024_12threads_out_par2.h5;par2;0.000000;7.277117e+00;7.452245e-04
1024;9765;12;51;0.001000;/lscratch/1165481.dm2/tmp_material.h5;/lscratch/1165481.dm2/1024x1024_12threads_out_par2.h5;par2;0.000000;7.064859e+00;7.234879e-04
1024;9765;12;61;0.001000;/lscratch/1165481.dm2/tmp_material.h5;/lscratch/1165481.dm2/1024x1024_12threads_out_par2.h5;par2;0.000000;7.710311e+00;7.895864e-04
1024;9765;12;71;0.001000;/lscratch/1165481.dm2/tmp_material.h5;/lscratch/1165481.dm2/1024x1024_12threads_out_par2.h5;par2;0.000000;6.899832e+00;7.065880e-04
1024;9765;12;81;0.001000;/lscratch/1165481.dm2/tmp_material.h5;/lscratch/1165481.dm2/1024x1024_12threads_out_par2.h5;par2;0.000000;9.057960e+00;9.275944e-04
1024;9765;12;91;0.001000;/lscratch/1165481.dm2/tmp_material.h5;/lscratch/1165481.dm2/1024x1024_12threads_out_par2.h5;par2;0.000000;5.445807e+00;5.576864e-04
1024;9765;12;101;0.001000;/lscratch/1165481.dm2/tmp_material.h5;/lscratch/1165481.dm2/1024x1024_12threads_out_par2.h5;par2;0.000000;5.739811e+00;5.877943e-04


13, non-overlapped
1024;9765;13;1;0.001000;/lscratch/1165481.dm2/tmp_material.h5;/lscratch/1165481.dm2/1024x1024_13threads_out_par1.h5;par1;0.000000;3.819777e+01;3.911702e-03
1024;9765;13;11;0.001000;/lscratch/1165481.dm2/tmp_material.h5;/lscratch/1165481.dm2/1024x1024_13threads_out_par1.h5;par1;0.000000;1.737269e+01;1.779077e-03
1024;9765;13;21;0.001000;/lscratch/1165481.dm2/tmp_material.h5;/lscratch/1165481.dm2/1024x1024_13threads_out_par1.h5;par1;0.000000;6.692376e+00;6.853432e-04
1024;9765;13;31;0.001000;/lscratch/1165481.dm2/tmp_material.h5;/lscratch/1165481.dm2/1024x1024_13threads_out_par1.h5;par1;0.000000;6.122643e+00;6.269988e-04
1024;9765;13;41;0.001000;/lscratch/1165481.dm2/tmp_material.h5;/lscratch/1165481.dm2/1024x1024_13threads_out_par1.h5;par1;0.000000;5.563758e+00;5.697653e-04
1024;9765;13;51;0.001000;/lscratch/1165481.dm2/tmp_material.h5;/lscratch/1165481.dm2/1024x1024_13threads_out_par1.h5;par1;0.000000;5.680697e+00;5.817406e-04
1024;9765;13;61;0.001000;/lscratch/1165481.dm2/tmp_material.h5;/lscratch/1165481.dm2/1024x1024_13threads_out_par1.h5;par1;0.000000;5.100720e+00;5.223472e-04
1024;9765;13;71;0.001000;/lscratch/1165481.dm2/tmp_material.h5;/lscratch/1165481.dm2/1024x1024_13threads_out_par1.h5;par1;0.000000;5.105292e+00;5.228154e-04
1024;9765;13;81;0.001000;/lscratch/1165481.dm2/tmp_material.h5;/lscratch/1165481.dm2/1024x1024_13threads_out_par1.h5;par1;0.000000;5.254942e+00;5.381405e-04
1024;9765;13;91;0.001000;/lscratch/1165481.dm2/tmp_material.h5;/lscratch/1165481.dm2/1024x1024_13threads_out_par1.h5;par1;0.000000;5.038395e+00;5.159647e-04
1024;9765;13;101;0.001000;/lscratch/1165481.dm2/tmp_material.h5;/lscratch/1165481.dm2/1024x1024_13threads_out_par1.h5;par1;0.000000;5.320371e+00;5.448409e-04


13, overlapped
1024;9765;13;1;0.001000;/lscratch/1165481.dm2/tmp_material.h5;/lscratch/1165481.dm2/1024x1024_13threads_out_par2.h5;par2;0.000000;4.247327e+01;4.349541e-03
1024;9765;13;11;0.001000;/lscratch/1165481.dm2/tmp_material.h5;/lscratch/1165481.dm2/1024x1024_13threads_out_par2.h5;par2;0.000000;9.562953e+00;9.793091e-04
1024;9765;13;21;0.001000;/lscratch/1165481.dm2/tmp_material.h5;/lscratch/1165481.dm2/1024x1024_13threads_out_par2.h5;par2;0.000000;7.033615e+00;7.202883e-04
1024;9765;13;31;0.001000;/lscratch/1165481.dm2/tmp_material.h5;/lscratch/1165481.dm2/1024x1024_13threads_out_par2.h5;par2;0.000000;6.602521e+00;6.761414e-04
1024;9765;13;41;0.001000;/lscratch/1165481.dm2/tmp_material.h5;/lscratch/1165481.dm2/1024x1024_13threads_out_par2.h5;par2;0.000000;8.088776e+00;8.283437e-04
1024;9765;13;51;0.001000;/lscratch/1165481.dm2/tmp_material.h5;/lscratch/1165481.dm2/1024x1024_13threads_out_par2.h5;par2;0.000000;6.768496e+00;6.931384e-04
1024;9765;13;61;0.001000;/lscratch/1165481.dm2/tmp_material.h5;/lscratch/1165481.dm2/1024x1024_13threads_out_par2.h5;par2;0.000000;7.245853e+00;7.420228e-04
1024;9765;13;71;0.001000;/lscratch/1165481.dm2/tmp_material.h5;/lscratch/1165481.dm2/1024x1024_13threads_out_par2.h5;par2;0.000000;8.699314e+00;8.908668e-04
1024;9765;13;81;0.001000;/lscratch/1165481.dm2/tmp_material.h5;/lscratch/1165481.dm2/1024x1024_13threads_out_par2.h5;par2;0.000000;6.606015e+00;6.764992e-04
1024;9765;13;91;0.001000;/lscratch/1165481.dm2/tmp_material.h5;/lscratch/1165481.dm2/1024x1024_13threads_out_par2.h5;par2;0.000000;5.397940e+00;5.527845e-04
1024;9765;13;101;0.001000;/lscratch/1165481.dm2/tmp_material.h5;/lscratch/1165481.dm2/1024x1024_13threads_out_par2.h5;par2;0.000000;5.602202e+00;5.737022e-04


14, non-overlapped
1024;9765;14;1;0.001000;/lscratch/1165481.dm2/tmp_material.h5;/lscratch/1165481.dm2/1024x1024_14threads_out_par1.h5;par1;0.000000;4.152956e+01;4.252899e-03
1024;9765;14;11;0.001000;/lscratch/1165481.dm2/tmp_material.h5;/lscratch/1165481.dm2/1024x1024_14threads_out_par1.h5;par1;0.000000;9.110416e+00;9.329663e-04
1024;9765;14;21;0.001000;/lscratch/1165481.dm2/tmp_material.h5;/lscratch/1165481.dm2/1024x1024_14threads_out_par1.h5;par1;0.000000;1.044275e+01;1.069406e-03
1024;9765;14;31;0.001000;/lscratch/1165481.dm2/tmp_material.h5;/lscratch/1165481.dm2/1024x1024_14threads_out_par1.h5;par1;0.000000;7.451298e+00;7.630618e-04
1024;9765;14;41;0.001000;/lscratch/1165481.dm2/tmp_material.h5;/lscratch/1165481.dm2/1024x1024_14threads_out_par1.h5;par1;0.000000;7.252850e+00;7.427394e-04
1024;9765;14;51;0.001000;/lscratch/1165481.dm2/tmp_material.h5;/lscratch/1165481.dm2/1024x1024_14threads_out_par1.h5;par1;0.000000;6.257648e+00;6.408242e-04
1024;9765;14;61;0.001000;/lscratch/1165481.dm2/tmp_material.h5;/lscratch/1165481.dm2/1024x1024_14threads_out_par1.h5;par1;0.000000;6.040862e+00;6.186238e-04
1024;9765;14;71;0.001000;/lscratch/1165481.dm2/tmp_material.h5;/lscratch/1165481.dm2/1024x1024_14threads_out_par1.h5;par1;0.000000;6.073959e+00;6.220132e-04
1024;9765;14;81;0.001000;/lscratch/1165481.dm2/tmp_material.h5;/lscratch/1165481.dm2/1024x1024_14threads_out_par1.h5;par1;0.000000;5.102753e+00;5.225553e-04
1024;9765;14;91;0.001000;/lscratch/1165481.dm2/tmp_material.h5;/lscratch/1165481.dm2/1024x1024_14threads_out_par1.h5;par1;0.000000;4.754906e+00;4.869336e-04
1024;9765;14;101;0.001000;/lscratch/1165481.dm2/tmp_material.h5;/lscratch/1165481.dm2/1024x1024_14threads_out_par1.h5;par1;0.000000;4.973640e+00;5.093333e-04


14, overlapped
1024;9765;14;1;0.001000;/lscratch/1165481.dm2/tmp_material.h5;/lscratch/1165481.dm2/1024x1024_14threads_out_par2.h5;par2;0.000000;4.366023e+01;4.471093e-03
1024;9765;14;11;0.001000;/lscratch/1165481.dm2/tmp_material.h5;/lscratch/1165481.dm2/1024x1024_14threads_out_par2.h5;par2;0.000000;7.165724e+00;7.338171e-04
1024;9765;14;21;0.001000;/lscratch/1165481.dm2/tmp_material.h5;/lscratch/1165481.dm2/1024x1024_14threads_out_par2.h5;par2;0.000000;8.814342e+00;9.026464e-04
1024;9765;14;31;0.001000;/lscratch/1165481.dm2/tmp_material.h5;/lscratch/1165481.dm2/1024x1024_14threads_out_par2.h5;par2;0.000000;6.412691e+00;6.567016e-04
1024;9765;14;41;0.001000;/lscratch/1165481.dm2/tmp_material.h5;/lscratch/1165481.dm2/1024x1024_14threads_out_par2.h5;par2;0.000000;6.078809e+00;6.225099e-04
1024;9765;14;51;0.001000;/lscratch/1165481.dm2/tmp_material.h5;/lscratch/1165481.dm2/1024x1024_14threads_out_par2.h5;par2;0.000000;8.240677e+00;8.438993e-04
1024;9765;14;61;0.001000;/lscratch/1165481.dm2/tmp_material.h5;/lscratch/1165481.dm2/1024x1024_14threads_out_par2.h5;par2;0.000000;6.368880e+00;6.522151e-04
1024;9765;14;71;0.001000;/lscratch/1165481.dm2/tmp_material.h5;/lscratch/1165481.dm2/1024x1024_14threads_out_par2.h5;par2;0.000000;6.151005e+00;6.299032e-04
1024;9765;14;81;0.001000;/lscratch/1165481.dm2/tmp_material.h5;/lscratch/1165481.dm2/1024x1024_14threads_out_par2.h5;par2;0.000000;5.157666e+00;5.281788e-04
1024;9765;14;91;0.001000;/lscratch/1165481.dm2/tmp_material.h5;/lscratch/1165481.dm2/1024x1024_14threads_out_par2.h5;par2;0.000000;5.029831e+00;5.150877e-04
1024;9765;14;101;0.001000;/lscratch/1165481.dm2/tmp_material.h5;/lscratch/1165481.dm2/1024x1024_14threads_out_par2.h5;par2;0.000000;5.271099e+00;5.397951e-04


15, non-overlapped
1024;9765;15;1;0.001000;/lscratch/1165481.dm2/tmp_material.h5;/lscratch/1165481.dm2/1024x1024_15threads_out_par1.h5;par1;0.000000;4.097861e+01;4.196478e-03
1024;9765;15;11;0.001000;/lscratch/1165481.dm2/tmp_material.h5;/lscratch/1165481.dm2/1024x1024_15threads_out_par1.h5;par1;0.000000;9.536709e+00;9.766215e-04
1024;9765;15;21;0.001000;/lscratch/1165481.dm2/tmp_material.h5;/lscratch/1165481.dm2/1024x1024_15threads_out_par1.h5;par1;0.000000;9.066459e+00;9.284648e-04
1024;9765;15;31;0.001000;/lscratch/1165481.dm2/tmp_material.h5;/lscratch/1165481.dm2/1024x1024_15threads_out_par1.h5;par1;0.000000;8.900397e+00;9.114590e-04
1024;9765;15;41;0.001000;/lscratch/1165481.dm2/tmp_material.h5;/lscratch/1165481.dm2/1024x1024_15threads_out_par1.h5;par1;0.000000;7.683799e+00;7.868714e-04
1024;9765;15;51;0.001000;/lscratch/1165481.dm2/tmp_material.h5;/lscratch/1165481.dm2/1024x1024_15threads_out_par1.h5;par1;0.000000;7.397707e+00;7.575737e-04
1024;9765;15;61;0.001000;/lscratch/1165481.dm2/tmp_material.h5;/lscratch/1165481.dm2/1024x1024_15threads_out_par1.h5;par1;0.000000;7.091320e+00;7.261976e-04
1024;9765;15;71;0.001000;/lscratch/1165481.dm2/tmp_material.h5;/lscratch/1165481.dm2/1024x1024_15threads_out_par1.h5;par1;0.000000;7.217495e+00;7.391188e-04
1024;9765;15;81;0.001000;/lscratch/1165481.dm2/tmp_material.h5;/lscratch/1165481.dm2/1024x1024_15threads_out_par1.h5;par1;0.000000;4.904210e+00;5.022233e-04
1024;9765;15;91;0.001000;/lscratch/1165481.dm2/tmp_material.h5;/lscratch/1165481.dm2/1024x1024_15threads_out_par1.h5;par1;0.000000;4.777390e+00;4.892360e-04
1024;9765;15;101;0.001000;/lscratch/1165481.dm2/tmp_material.h5;/lscratch/1165481.dm2/1024x1024_15threads_out_par1.h5;par1;0.000000;4.484193e+00;4.592108e-04


15, overlapped
1024;9765;15;1;0.001000;/lscratch/1165481.dm2/tmp_material.h5;/lscratch/1165481.dm2/1024x1024_15threads_out_par2.h5;par2;0.000000;4.310601e+01;4.414338e-03
1024;9765;15;11;0.001000;/lscratch/1165481.dm2/tmp_material.h5;/lscratch/1165481.dm2/1024x1024_15threads_out_par2.h5;par2;0.000000;7.449863e+00;7.629148e-04
1024;9765;15;21;0.001000;/lscratch/1165481.dm2/tmp_material.h5;/lscratch/1165481.dm2/1024x1024_15threads_out_par2.h5;par2;0.000000;7.443791e+00;7.622930e-04
1024;9765;15;31;0.001000;/lscratch/1165481.dm2/tmp_material.h5;/lscratch/1165481.dm2/1024x1024_15threads_out_par2.h5;par2;0.000000;6.809430e+00;6.973303e-04
1024;9765;15;41;0.001000;/lscratch/1165481.dm2/tmp_material.h5;/lscratch/1165481.dm2/1024x1024_15threads_out_par2.h5;par2;0.000000;6.128172e+00;6.275650e-04
1024;9765;15;51;0.001000;/lscratch/1165481.dm2/tmp_material.h5;/lscratch/1165481.dm2/1024x1024_15threads_out_par2.h5;par2;0.000000;6.182943e+00;6.331739e-04
1024;9765;15;61;0.001000;/lscratch/1165481.dm2/tmp_material.h5;/lscratch/1165481.dm2/1024x1024_15threads_out_par2.h5;par2;0.000000;6.472469e+00;6.628232e-04
1024;9765;15;71;0.001000;/lscratch/1165481.dm2/tmp_material.h5;/lscratch/1165481.dm2/1024x1024_15threads_out_par2.h5;par2;0.000000;5.826938e+00;5.967166e-04
1024;9765;15;81;0.001000;/lscratch/1165481.dm2/tmp_material.h5;/lscratch/1165481.dm2/1024x1024_15threads_out_par2.h5;par2;0.000000;5.482081e+00;5.614010e-04
1024;9765;15;91;0.001000;/lscratch/1165481.dm2/tmp_material.h5;/lscratch/1165481.dm2/1024x1024_15threads_out_par2.h5;par2;0.000000;4.825603e+00;4.941734e-04
1024;9765;15;101;0.001000;/lscratch/1165481.dm2/tmp_material.h5;/lscratch/1165481.dm2/1024x1024_15threads_out_par2.h5;par2;0.000000;5.186626e+00;5.311445e-04


16, non-overlapped
1024;9765;16;1;0.001000;/lscratch/1165481.dm2/tmp_material.h5;/lscratch/1165481.dm2/1024x1024_16threads_out_par1.h5;par1;0.000000;3.770083e+01;3.860812e-03
1024;9765;16;11;0.001000;/lscratch/1165481.dm2/tmp_material.h5;/lscratch/1165481.dm2/1024x1024_16threads_out_par1.h5;par1;0.000000;1.606056e+01;1.644707e-03
1024;9765;16;21;0.001000;/lscratch/1165481.dm2/tmp_material.h5;/lscratch/1165481.dm2/1024x1024_16threads_out_par1.h5;par1;0.000000;5.490239e+00;5.622364e-04
1024;9765;16;31;0.001000;/lscratch/1165481.dm2/tmp_material.h5;/lscratch/1165481.dm2/1024x1024_16threads_out_par1.h5;par1;0.000000;4.894480e+00;5.012268e-04
1024;9765;16;41;0.001000;/lscratch/1165481.dm2/tmp_material.h5;/lscratch/1165481.dm2/1024x1024_16threads_out_par1.h5;par1;0.000000;4.647276e+00;4.759115e-04
1024;9765;16;51;0.001000;/lscratch/1165481.dm2/tmp_material.h5;/lscratch/1165481.dm2/1024x1024_16threads_out_par1.h5;par1;0.000000;4.927097e+00;5.045670e-04
1024;9765;16;61;0.001000;/lscratch/1165481.dm2/tmp_material.h5;/lscratch/1165481.dm2/1024x1024_16threads_out_par1.h5;par1;0.000000;4.460806e+00;4.568158e-04
1024;9765;16;71;0.001000;/lscratch/1165481.dm2/tmp_material.h5;/lscratch/1165481.dm2/1024x1024_16threads_out_par1.h5;par1;0.000000;4.551704e+00;4.661243e-04
1024;9765;16;81;0.001000;/lscratch/1165481.dm2/tmp_material.h5;/lscratch/1165481.dm2/1024x1024_16threads_out_par1.h5;par1;0.000000;4.318729e+00;4.422662e-04
1024;9765;16;91;0.001000;/lscratch/1165481.dm2/tmp_material.h5;/lscratch/1165481.dm2/1024x1024_16threads_out_par1.h5;par1;0.000000;4.287538e+00;4.390720e-04
1024;9765;16;101;0.001000;/lscratch/1165481.dm2/tmp_material.h5;/lscratch/1165481.dm2/1024x1024_16threads_out_par1.h5;par1;0.000000;4.097303e+00;4.195907e-04


16, overlapped
1024;9765;16;1;0.001000;/lscratch/1165481.dm2/tmp_material.h5;/lscratch/1165481.dm2/1024x1024_16threads_out_par2.h5;par2;0.000000;3.646444e+01;3.734198e-03
1024;9765;16;11;0.001000;/lscratch/1165481.dm2/tmp_material.h5;/lscratch/1165481.dm2/1024x1024_16threads_out_par2.h5;par2;0.000000;1.312815e+01;1.344409e-03
1024;9765;16;21;0.001000;/lscratch/1165481.dm2/tmp_material.h5;/lscratch/1165481.dm2/1024x1024_16threads_out_par2.h5;par2;0.000000;4.707308e+00;4.820592e-04
1024;9765;16;31;0.001000;/lscratch/1165481.dm2/tmp_material.h5;/lscratch/1165481.dm2/1024x1024_16threads_out_par2.h5;par2;0.000000;4.560583e+00;4.670336e-04
1024;9765;16;41;0.001000;/lscratch/1165481.dm2/tmp_material.h5;/lscratch/1165481.dm2/1024x1024_16threads_out_par2.h5;par2;0.000000;4.383932e+00;4.489434e-04
1024;9765;16;51;0.001000;/lscratch/1165481.dm2/tmp_material.h5;/lscratch/1165481.dm2/1024x1024_16threads_out_par2.h5;par2;0.000000;4.671988e+00;4.784422e-04
1024;9765;16;61;0.001000;/lscratch/1165481.dm2/tmp_material.h5;/lscratch/1165481.dm2/1024x1024_16threads_out_par2.h5;par2;0.000000;4.142536e+00;4.242228e-04
1024;9765;16;71;0.001000;/lscratch/1165481.dm2/tmp_material.h5;/lscratch/1165481.dm2/1024x1024_16threads_out_par2.h5;par2;0.000000;4.893476e+00;5.011240e-04
1024;9765;16;81;0.001000;/lscratch/1165481.dm2/tmp_material.h5;/lscratch/1165481.dm2/1024x1024_16threads_out_par2.h5;par2;0.000000;4.276638e+00;4.379558e-04
1024;9765;16;91;0.001000;/lscratch/1165481.dm2/tmp_material.h5;/lscratch/1165481.dm2/1024x1024_16threads_out_par2.h5;par2;0.000000;4.358813e+00;4.463710e-04
1024;9765;16;101;0.001000;/lscratch/1165481.dm2/tmp_material.h5;/lscratch/1165481.dm2/1024x1024_16threads_out_par2.h5;par2;0.000000;4.183339e+00;4.284013e-04


17, non-overlapped
1024;9765;17;1;0.001000;/lscratch/1165481.dm2/tmp_material.h5;/lscratch/1165481.dm2/1024x1024_17threads_out_par1.h5;par1;0.000000;5.023456e+01;5.144348e-03
1024;9765;17;11;0.001000;/lscratch/1165481.dm2/tmp_material.h5;/lscratch/1165481.dm2/1024x1024_17threads_out_par1.h5;par1;0.000000;2.577507e+01;2.639536e-03
1024;9765;17;21;0.001000;/lscratch/1165481.dm2/tmp_material.h5;/lscratch/1165481.dm2/1024x1024_17threads_out_par1.h5;par1;0.000000;1.653163e+01;1.692947e-03
1024;9765;17;31;0.001000;/lscratch/1165481.dm2/tmp_material.h5;/lscratch/1165481.dm2/1024x1024_17threads_out_par1.h5;par1;0.000000;1.808975e+01;1.852509e-03
1024;9765;17;41;0.001000;/lscratch/1165481.dm2/tmp_material.h5;/lscratch/1165481.dm2/1024x1024_17threads_out_par1.h5;par1;0.000000;9.296643e+00;9.520372e-04
1024;9765;17;51;0.001000;/lscratch/1165481.dm2/tmp_material.h5;/lscratch/1165481.dm2/1024x1024_17threads_out_par1.h5;par1;0.000000;8.702918e+00;8.912358e-04
1024;9765;17;61;0.001000;/lscratch/1165481.dm2/tmp_material.h5;/lscratch/1165481.dm2/1024x1024_17threads_out_par1.h5;par1;0.000000;8.640678e+00;8.848621e-04
1024;9765;17;71;0.001000;/lscratch/1165481.dm2/tmp_material.h5;/lscratch/1165481.dm2/1024x1024_17threads_out_par1.h5;par1;0.000000;8.632172e+00;8.839910e-04
1024;9765;17;81;0.001000;/lscratch/1165481.dm2/tmp_material.h5;/lscratch/1165481.dm2/1024x1024_17threads_out_par1.h5;par1;0.000000;8.597384e+00;8.804285e-04
1024;9765;17;91;0.001000;/lscratch/1165481.dm2/tmp_material.h5;/lscratch/1165481.dm2/1024x1024_17threads_out_par1.h5;par1;0.000000;8.764925e+00;8.975858e-04
1024;9765;17;101;0.001000;/lscratch/1165481.dm2/tmp_material.h5;/lscratch/1165481.dm2/1024x1024_17threads_out_par1.h5;par1;0.000000;8.384990e+00;8.586779e-04


17, overlapped
1024;9765;17;1;0.001000;/lscratch/1165481.dm2/tmp_material.h5;/lscratch/1165481.dm2/1024x1024_17threads_out_par2.h5;par2;0.000000;4.556930e+01;4.666595e-03
1024;9765;17;11;0.001000;/lscratch/1165481.dm2/tmp_material.h5;/lscratch/1165481.dm2/1024x1024_17threads_out_par2.h5;par2;0.000000;2.129045e+01;2.180281e-03
1024;9765;17;21;0.001000;/lscratch/1165481.dm2/tmp_material.h5;/lscratch/1165481.dm2/1024x1024_17threads_out_par2.h5;par2;0.000000;1.786552e+01;1.829546e-03
1024;9765;17;31;0.001000;/lscratch/1165481.dm2/tmp_material.h5;/lscratch/1165481.dm2/1024x1024_17threads_out_par2.h5;par2;0.000000;1.928881e+01;1.975301e-03
1024;9765;17;41;0.001000;/lscratch/1165481.dm2/tmp_material.h5;/lscratch/1165481.dm2/1024x1024_17threads_out_par2.h5;par2;0.000000;9.008533e+00;9.225328e-04
1024;9765;17;51;0.001000;/lscratch/1165481.dm2/tmp_material.h5;/lscratch/1165481.dm2/1024x1024_17threads_out_par2.h5;par2;0.000000;8.844783e+00;9.057638e-04
1024;9765;17;61;0.001000;/lscratch/1165481.dm2/tmp_material.h5;/lscratch/1165481.dm2/1024x1024_17threads_out_par2.h5;par2;0.000000;8.771986e+00;8.983089e-04
1024;9765;17;71;0.001000;/lscratch/1165481.dm2/tmp_material.h5;/lscratch/1165481.dm2/1024x1024_17threads_out_par2.h5;par2;0.000000;8.412500e+00;8.614952e-04
1024;9765;17;81;0.001000;/lscratch/1165481.dm2/tmp_material.h5;/lscratch/1165481.dm2/1024x1024_17threads_out_par2.h5;par2;0.000000;8.875861e+00;9.089464e-04
1024;9765;17;91;0.001000;/lscratch/1165481.dm2/tmp_material.h5;/lscratch/1165481.dm2/1024x1024_17threads_out_par2.h5;par2;0.000000;8.554787e+00;8.760662e-04
1024;9765;17;101;0.001000;/lscratch/1165481.dm2/tmp_material.h5;/lscratch/1165481.dm2/1024x1024_17threads_out_par2.h5;par2;0.000000;8.382830e+00;8.584567e-04
